"",Sample1,Sample2,Sample3,Sample4,Sample5,Sample6,Sample7,Sample8,Sample9,Sample10,Sample11,Sample12,Sample13,Sample14,Sample15,Sample16,Sample17,Sample18,Sample19,Sample20,Sample21,Sample22,Sample23,Sample24,Sample25,Sample26,Sample27,Sample28,Sample29,Sample30,Sample31,Sample32,Sample33,Sample34,Sample35,Sample36,Sample37,Sample38,Sample39,Sample40,Sample41,Sample42,Sample43,Sample44,Sample45,Sample46,Sample47,Sample48,Sample49,Sample50,Sample51,Sample52,Sample53,Sample54,Sample55
HBA2,50616.5753,560.4352,41373.8916,910.4836,59.0512,1090.9162,303.0875,2107.5779,45600.7642,12939.6242,41423.9208,575.3329,16094.814,14127.3906,1947.8523,20311.8202,359.1169,14662.8323,58243.8593,1138.1159,1784.8199,2249.0319,53082.3083,1713.0396,121.9971,2822.0522,2028.3702,6280.1351,10488.7629,30863.5155,38.9664,717.7711,1364.032,5578.9029,459.6397,1398.7668,337.73,23246.1442,3767.9029,2808.5834,99.5708,433.8898,1279.3553,36332.3447,105.2867,144.6663,10166.1457,4224.7557,353.8642,2024.2909,2681.9943,1018.9235,27601.5685,20011.1384,2878.2892
HBB,41979.4132,306.2936,22766.898,849.6849,62.5652,2395.2427,229.0348,1721.8673,26849.0473,11517.9737,47969.1637,568.5887,13312.8885,7885.7821,1316.7508,19344.171,316.9242,13287.835,75470.8581,712.3303,1323.8303,1558.4641,50464.4422,1803.108,135.9766,1760.4709,1582.6008,3545.3094,5494.701,20066.3585,30.1787,622.707,975.4043,8064.0943,639.2091,816.53,394.9323,18729.2216,5379.7603,4171.1353,123.0687,561.1311,5738.5144,28580.682,62.2243,119.1317,7722.6726,1969.8606,176.0528,859.7492,1875.4561,828.5665,29024.8895,18855.8883,1592.3852
MT-CO2,12829.3425,19223.3334,45648.6875,10185.9688,15081.3236,15419.153,25497.3913,20296.2589,111156.4715,14648.5395,17801.264,14061.8508,16439.8386,23993.633,28631.0114,21673.0669,20315.5064,8807.9231,7579.5975,24378.5461,18609.2519,12838.4052,12303.615,15399.7361,11553.494,15155.2028,12797.7331,9029.7897,8026.2676,7622.8103,12924.781,22211.2007,19407.3185,16594.0195,11541.9643,8505.4699,7377.1095,3981.9318,8896.2295,17856.7353,14765.5052,23021.122,9755.0666,9522.1035,9207.973,5987.6187,13592.9374,16895.8075,10794.5035,7771.962,11378.4011,8985.5965,8140.8505,22986.0884,7286.8046
DEFA1,2568.8987,7.621,13.9269,93.1352,92.3585,84.3985,6.6474,47.9548,19.267,32.6271,289.2984,862.0002,120.3547,1704.647,68.2684,1073.1349,3.2719,15952.8476,35204.6588,177.0654,149.2388,739.2189,103.6002,64.2609,62.481,1483.251,1168.6024,7775.05,21909.7774,4841.0774,1.0379,122.8078,28.1171,11527.8748,5.496,7567.3757,92.6659,13139.8382,86.9185,317.6181,2.8612,470.7727,1.0254,11160.6355,0.5966,8.5802,18253.3392,7.6396,6.7083,271.5665,2366.4779,53.3549,11882.1473,20.9823,96542.6064
DEFA1B,2566.7279,5.9948,13.183,84.346,84.8415,81.6717,5.626,45.8403,18.6384,32.0857,301.4616,820.884,113.4769,1610.8099,61.5981,1083.8285,2.9916,14777.2626,32480.7759,168.9572,141.1523,698.2355,98.2366,63.2275,55.2628,1354.2925,1211.6376,7230.8142,19854.5727,4518.4269,1.3347,130.5408,25.7622,10579.445,6.4383,7074.9366,94.6925,12460.2728,89.9399,292.0523,2.4799,430.9689,0.7879,10175.6353,0.7219,8.9257,17271.1153,6.7465,6.9377,251.4438,2255.5669,51.1936,10811.3528,21.2161,88252.7672
HBA1,22358.6854,255.8163,20387.0839,411.413,30.8691,778.6436,137.1762,1047.5268,19967.9692,6413.3454,18964.5799,264.3306,7064.8684,6230.366,870.8486,9070.1646,185.9109,6320.655,26791.1624,558.2881,821.2167,976.651,26707.211,774.078,60.6441,1270.7002,858.5613,2824.9036,5193.1076,13683.2538,17.7681,278.3733,680.0079,3610.9067,303.5793,646.5091,150.8294,11299.3089,1781.4235,1424.8034,49.3257,278.3544,2564.0757,17807.0379,50.7622,70.1128,5022.6962,2154.3059,153.8304,891.3858,1214.7455,507.4085,14107.3775,8943.0867,1280.243
DEFA3,1411.5686,6.206,5.6885,84.2415,32.58,42.425,4.2906,40.2348,15.2975,36.57,313.7035,749.3174,134.7612,1568.1474,54.4714,875.0524,2.4903,12614.8792,29154.0952,136.6462,98.5968,707.9785,143.3371,39.8908,35.3851,1366.2746,1764.2453,5726.4386,14753.6044,4090.0288,1.4098,77.2518,20.3972,4513.823,3.2027,3366.9797,53.7556,5161.6867,50.2176,208.2782,0.8917,535.023,0.5409,9312.1626,0.1089,5.0233,5053.2689,2.2705,6.8422,248.7633,1962.8135,49.3615,5649.2239,17.3743,42891.0209
MT-ATP6,5444.7554,8803.256,14312.1141,6780.7384,3928.3736,5243.7426,11933.3221,7542.0419,52056.2011,4505.2256,6328.9619,4698.939,5330.4417,10171.7529,9474.9371,10270.7875,6396.708,3494.3136,3655.6087,10112.8805,7881.0132,5795.1126,4270.9631,4273.4374,3861.1456,5116.2349,4709.6828,3366.0845,2307.4802,3453.8878,4846.3972,12049.4555,7190.942,5626.5662,3649.697,4096.6717,2992.8316,2615.731,7008.5199,4965.8375,3979.7475,9186.4697,2724.538,3465.1221,5227.7236,3247.5097,5154.0593,6619.2088,4248.1017,3043.5029,4871.0628,4168.4489,3031.746,9532.5034,3115.3617
FTL,6837.7552,16704.3904,13685.0066,3135.7854,7402.654,5746.0799,9467.4725,7537.8967,8750.5187,22455.8523,13908.8372,6361.1166,4667.0039,8009.3831,8368.3097,6073.1733,6239.756,13833.6196,7370.5135,3001.9143,7806.6436,37862.7272,6464.121,4817.8626,10812.0296,3948.8258,8802.5318,10604.2865,4605.7181,8444.0996,3928.0329,6188.1618,4699.7617,7552.6433,6701.1586,21059.1379,16191.6958,6712.4475,30014.4398,7617.5399,5268.9021,11173.4913,12859.3144,12388.3181,6329.1955,16096.5403,8037.5238,6566.4232,5509.7191,5671.5091,10396.6016,11435.7572,8856.2459,6666.5704,16965.5877
S100A8,520.2859,4351.4999,2786.6639,69.8462,126.6468,419.4444,278.7501,1528.7188,803.1795,1527.7179,1240.3662,1771.3575,9709.2648,1357.102,432.6216,1462.5404,561.3926,12342.1474,26616.8139,303.6133,1332.1858,6874.9125,1280.8414,213.0389,205.0922,2341.0381,5721.9593,5472.3785,4787.8759,15161.3375,81.6267,211.7881,101.3138,9728.6132,128.03,4011.1104,773.9826,939.8579,563.5457,297.4151,27.1195,3348.5433,1485.1108,1799.1532,250.4829,50.9471,1692.7775,32.8369,475.2412,384.5114,1970.5041,873.1418,1972.4301,129.061,31030.5804
MT-CO3,8972.5099,7183.8026,18866.0286,7282.7159,5232.7017,9883.4754,10049.366,9296.4764,38629.6698,8554.2824,14816.5079,10618.9186,12983.3543,7731.3556,10191.0079,9786.6832,8188.3683,3965.594,4832.4612,12644.5379,16452.3404,3465.9036,7157.8657,4840.9272,5383.6795,6661.5723,9669.2306,5277.704,3197.7681,3529.3206,6684.7329,7342.4416,5207.1,5979.4132,4507.8013,3999.6524,4901.7456,2817.9324,11011.3343,4572.1471,4531.8,11948.9664,4462.9227,4338.3499,4137.5808,2927.26,8074.5285,11706.8671,5963.3045,6241.7957,3598.8371,3482.5798,5064.7609,16550.6206,4856.4826
MT-ND4,2835.1844,4525.036,7439.223,3487.5304,3160.0327,3262.0987,7962.9521,4843.4079,35893.9049,2634.0702,3597.1519,2658.1296,3671.8331,4996.7511,4653.5839,5647.8711,3518.9372,2095.3035,2222.059,6564.1762,4394.1351,5809.7113,2885.6953,3038.3112,2272.7814,2910.3623,2534.3657,2801.3433,1760.0884,1644.9616,2671.5618,7894.6813,4135.1774,2973.2685,1954.2545,2306.6022,1617.0122,1919.5939,3664.352,4386.2096,2784.2844,6472.2728,2015.6025,2170.7418,2106.0332,1154.7061,2522.8514,3467.6137,2639.2554,1928.5971,3128.0223,2079.0692,1887.6859,4665.6557,2016.7152
MT-ATP8,3514.1979,4300.2715,10347.0488,4378.6483,3504.8333,4283.4563,6409.8801,6303.3553,34365.0164,2608.6626,4258.7639,3398.4128,3473.7565,5864.1371,7738.919,7529.308,4518.909,2769.1209,2735.6749,8371.1197,4578.7843,2502.631,3363.7307,3118.6197,2709.5448,4283.6957,2902.04,2657.966,2304.3638,1792.5702,1638.499,6475.5302,4440.6124,3453.2371,2421.6181,2685.0847,2508.4765,1847.7897,4526.5956,4247.3007,3100.8081,6392.4034,2275.6685,2191.9389,3631.6144,2126.7786,4638.2532,5354.0989,2695.8738,2167.6911,2862.2925,2617.0708,3165.8208,5020.7026,2395.0196
MT-ND2,2710.4415,3554.1048,8227.9149,1783.0063,2171.0577,2294.0639,9029.08,3106.9229,30725.0051,2691.5925,3068.3193,2591.7011,3014.3528,7237.3577,6267.4443,4614.1464,3657.0056,2275.4267,2778.4799,6422.993,4922.2107,4400.0007,2050.9929,1829.0969,1567.5845,2504.8055,2515.966,2379.3153,2109.7433,1869.9104,2947.3086,10541.5879,6110.4203,3253.4423,2224.249,3183.1711,1821.6909,2000.9967,4045.665,2958.0544,1964.3828,4220.8057,2366.629,1717.5819,4089.7131,2379.1567,3069.5239,4072.5704,2572.2562,2352.3042,4041.1,2446.5455,1399.2903,6425.1827,1673.1513
MT-CYB,3382.7728,5289.5191,11330.2068,4215.5773,3798.0279,4983.3827,6850.9685,4589.4779,29899.7447,3712.4459,5592.5468,3895.4595,5796.1825,7474.616,8630.1903,5194.2043,5478.5889,2038.2749,2798.2103,5694.8521,4945.7395,2582.1756,4065.8662,3432.2662,3471.1675,4688.2156,3653.5891,2149.4497,2344.7191,1723.0652,2900.5697,4951.836,4345.8756,4522.0735,3380.2884,2422.3202,2284.3347,1673.9483,3969.7692,5560.5,4671.2623,6229.4899,2863.4094,1733.1325,3031.6588,1730.9848,4172.0362,5455.2781,3841.1613,2569.0422,3026.3379,2563.1939,2148.7279,6761.2403,1491.6462
RPS12,14149.0312,11022.5304,4384.5568,1597.79,4197.9459,9900.1669,14643.6283,5699.4963,6144.4759,10583.9461,8509.2453,5791.2316,5906.6696,11214.2377,7479.1047,16546.8091,14665.7454,3117.206,3023.3308,7908.3585,12853.9609,10725.2144,6487.793,8752.7097,8494.6372,3078.84,12992.7948,7081.3565,3805.3071,5505.1185,11642.961,10015.8134,5710.7747,8208.7114,7904.3618,4447.1492,6732.2019,7360.5759,9053.5386,4417.3852,3079.7919,11250.54,9292.3631,6969.3727,14714.9198,15113.6698,5276.1385,6943.821,9898.6437,10455.3121,6033.7968,4272.0919,1995.638,16217.7677,1817.3299
MT-CO1,3747.5428,6559.8656,12225.9744,5159.0815,4008.4448,8465.5678,6516.6527,7883.5296,21114.2651,3871.0862,7058.0962,4498.7962,6003.657,5447.3794,4254.5508,8477.5679,4405.6297,2306.3195,2568.7703,5415.8611,6260.8114,3651.5909,4262.9064,2094.997,2850.4764,3560.3633,4375.4793,3203.6645,2003.7602,1364.9947,2065.4591,3036.107,2263.6931,2755.9356,1758.3394,1930.7859,3546.478,1697.2107,5347.3462,3877.6097,4053.9952,5860.9369,1865.6921,2389.9942,1200.2291,775.4816,2619.7979,3996.8456,2451.7786,2436.1168,2169.4047,2151.2694,3357.7594,6739.1921,2377.9177
HBG1,12535.8234,142.378,10866.6679,37.1983,18.1964,166.2918,4.5284,35.293,8045.5795,3131.1066,2380.4105,50.1052,5782.7857,2831.1526,501.8466,759.9096,31.6217,1713.2126,10404.5858,13.6861,156.7767,92.6512,1928.9628,73.6208,3.5757,71.1457,540.3615,645.4869,2029.0902,2883.1438,3.2297,23.8284,175.7359,516.9852,107.1074,29.7578,29.1723,2424.8493,1260.4574,194.3336,10.0986,105.8597,1598.3627,7698.9256,17.143,44.9583,3449.7831,5185.7151,133.2601,724.4671,153.0159,186.9553,616.1006,343.0806,306.41
HBG2,12410.0028,154.4498,11812.256,42.8678,14.5151,160.9634,1.6978,15.0987,6702.4011,2918.3883,755.6469,43.5389,6032.8813,2726.8511,545.6592,285.3442,16.0326,1955.8929,10602.1189,9.2589,85.6621,68.5663,1504.9285,57.9469,2.6766,69.1573,515.759,685.6854,2272.7565,2470.5788,3.3002,17.4051,66.4282,495.0187,112.0029,29.9858,27.5097,1609.1624,674.1275,98.1949,5.381,71.3962,1275.9406,5302.9336,18.4665,44.6334,2896.7773,4127.2684,155.0977,989.7408,142.7173,230.455,440.5291,240.6353,101.9329
S100A9,388.7049,6166.8373,2348.3937,18.5919,54.7601,195.5802,922.6155,1269.3191,728.6917,2348.3588,1954.8364,1127.5643,6668.0716,692.1296,583.1897,430.2337,686.4069,6516.9599,12466.9401,120.6902,1257.9516,6324.2605,763.2473,90.8343,244.8198,1257.4222,3469.5651,2404.4832,2244.2042,6666.5772,93.9898,192.0857,120.8125,4664.2054,80.8819,2425.4145,775.558,1277.2486,240.8808,153.7907,21.5491,3912.6434,1430.623,879.8937,269.9279,54.0396,716.9672,36.5696,443.3615,367.8716,998.8344,459.022,656.4176,145.8016,9597.2626
MT-ND1,2702.1489,3177.5182,6940.9665,1671.8277,2563.9671,2595.578,6887.1514,3892.7343,13242.5412,3298.2804,4221.3929,3373.1171,3324.062,5582.0075,6608.2718,2972.2011,2649.6687,2566.8824,3152.2049,1210.5776,5070.4762,3070.5401,2169.0578,1393.6509,1483.5779,3649.7502,3100.233,1715.2233,1970.3293,1516.0504,2466.3861,5904.8907,3614.8122,2782.0323,1892.6788,3317.1216,2131.9229,2495.6719,4507.9517,2219.685,1722.1719,3547.1728,1860.4808,1929.9736,3123.5072,1917.5716,3526.1401,4295.9102,1904.8431,2154.7924,2667.4086,1507.1758,1935.1363,6412.4715,3168.9337
HIST1H4C,7966.9984,3914.1763,4428.2288,326.9957,3842.9312,4107.9097,7352.9916,5982.3817,1932.5203,2787.3111,7012.015,5770.6657,5179.1557,2157.5406,4212.4496,3952.2977,2746.1609,1013.9634,4585.5423,5144.1386,5807.6687,1550.8248,6779.1047,2302.2648,2469.1286,1902.4564,4124.2437,4261.0557,2846.4089,1261.7786,3976.7324,5921.8168,4263.7503,3010.7913,1983.1258,1307.7537,3054.513,2606.1024,1980.1427,5355.6202,6385.2978,1845.2156,1138.7873,7949.5237,2697.1475,4384.7779,4408.7791,4459.9401,2872.2893,3313.4411,4513.4754,3409.3619,7700.2974,6860.0367,3566.9904
LGALS1,521.987,7230.4011,2932.7828,1966.3529,4750.4518,2538.9791,778.9742,634.6808,1029.1189,5127.9776,2582.1171,1366.0082,528.4361,2642.9007,2026.7572,57.0377,236.3336,1768.374,209.4374,3235.5604,4775.1277,3824.6207,1396.7659,3123.3956,1389.513,3706.7603,1539.6882,478.4749,446.2735,870.0795,1060.7148,4008.6122,2027.0796,1972.8689,1869.3867,1602.0611,3745.8728,195.6949,694.3332,3278.169,2504.327,9412.0578,1366.2246,206.0367,2979.8357,1834.2365,646.1128,666.361,369.7754,1267.3035,715.579,560.014,273.7066,471.6301,875.3694
TMSB10,2256.3063,7136.3651,3439.7558,896.4135,2460.1393,1544.0602,2853.9164,1445.2746,2291.5086,7003.1285,4843.1476,3623.9332,2114.1009,2001.293,3183.0595,1251.2946,2908.9267,2288.5653,549.6081,2636.33,6408.184,4774.024,3155.7668,2126.2033,3012.7672,3157.5096,6625.2169,1758.0885,1462.9138,1473.1521,3611.1881,5177.9596,4368.3879,3275.7289,2733.7088,3827.21,3829.7318,668.4267,1150.8608,2347.1528,2071.0029,6266.7521,6149.1915,1095.844,2255.3696,2013.4698,1290.1695,1383.2206,4668.724,3179.5694,3298.0195,2969.1044,471.6866,2284.3839,1372.704
RNASE3,102.6305,208.0124,33.5173,8.3809,291.7402,242.538,228.4461,442.6706,71.0297,235.8873,125.3877,66.0206,35.3486,3642.1714,1032.5694,308.3559,2.3522,4324.9549,3172.6509,1190.5822,122.88,96.3086,253.0615,55.4603,66.7158,847.0908,86.7223,3474.5564,1019.6683,753.1629,34.0183,19.6753,24.458,456.3905,26.9467,1511.9254,151.5008,407.2,543.6998,213.0792,51.4991,147.4274,1.0648,3761.9043,31.9214,14.7375,5460.3065,1539.1826,11.4496,32.6517,6317.8495,941.5449,6823.6907,1175.8123,2702.8597
IGLL5,252.9924,59.1904,46.7478,18.3958,8.0563,53.9665,49.3196,443.4164,20.4294,13.0975,778.2953,24.726,128.9851,58.865,1422.4135,278.6156,518.7161,243.6926,40.5104,19.6513,198.1595,16.2027,806.4631,45.6083,2494.5225,233.1608,232.9131,115.0253,353.272,22.5584,459.0811,32.3017,303.1796,2713.952,11618.5056,64.4436,28.1569,7.0314,74.5231,72.8559,451.6525,107.6616,31.0111,4.4541,259.5546,274.1143,109.3297,1.9936,258.102,55.0097,62.1174,877.3512,69.0314,370.055,23.4819
SRGN,782.0984,1168.219,1404.9595,479.5198,1206.9354,418.8774,245.5244,1280.0393,735.0455,2409.9676,1463.5426,635.1562,837.2447,3055.7662,2183.3744,425.899,814.4556,4152.7761,3584.9702,527.6238,1559.6451,1477.539,738.7498,277.0711,515.2509,2763.9845,1212.8942,1484.9048,2315.5396,1386.0335,240.363,118.5105,87.1333,912.1405,382.6569,3973.4336,4459.899,353.7853,2086.9869,622.0524,334.709,2012.0648,473.1273,1248.7874,560.9567,457.7426,4077.8075,1269.5252,254.7719,444.8496,2155.4623,1082.6501,4404.9874,2654.1443,8115.9873
IL8,75.3673,33.5093,171.6151,327.9652,577.3553,102.7141,42.3335,138.4679,866.5775,89.6156,108.218,257.9261,268.6855,120.9223,192.333,620.0505,27.6791,487.0247,183.7081,7.2299,12.8992,274.4508,113.9484,15.8284,27.069,23.6351,224.3415,367.9124,759.755,740.6218,70.0259,115.7691,40.3535,298.8573,81.9182,11139.5102,600.5746,61.4108,1300.5699,228.1687,54.5072,86.4148,24.2561,233.4592,225.7903,173.7763,169.6324,55.2386,24.9608,131.8803,105.605,24.1131,20.6009,55.4634,406.1518
MT-ND6,1232.7981,2911.1329,5202.765,280.2293,1217.252,1275.5177,2533.3211,1589.8479,9432.4425,1294.5468,1896.3144,1078.579,1993.1174,2187.766,2301.189,1881.5475,974.616,995.2414,1609.7854,2697.3445,2792.4411,2608.353,1264.2776,605.6822,608.2085,2289.9162,1659.9203,900.6131,1619.1413,628.8436,1638.8603,2904.037,1663.169,818.7281,560.95,1484.0311,910.3483,1087.2235,1519.8651,577.9271,587.4337,2270.7642,1239.0557,588.2514,951.3007,818.5051,1188.3496,1063.1101,1613.6574,1006.4593,1183.7256,1004.9714,877.6468,3467.5447,463.7165
HLA-DRA,1079.37,3729.0346,2372.485,2837.2272,3830.135,2488.5553,801.7108,1280.4601,1003.6803,3618.5944,4164.0918,1429.6887,884.6223,2895.4036,4003.2275,175.0815,84.3767,1437.0265,376.2055,3898.537,3969.3269,1950.266,1041.0873,2503.4651,5641.0853,1968.2233,3023.9911,1177.6823,954.851,1412.8245,2006.1656,407.3309,1111.5139,291.7184,335.1387,2686.7422,5522.7074,125.2939,2295.1829,1213.8057,1183.167,1778.6775,2475.5032,201.4565,3085.5861,2858.3706,955.3327,704.529,1407.944,1210.3237,347.9816,625.6618,394.787,831.7792,961.6179
RPL35,4490.5269,3137.9997,1494.925,2061.0928,4568.5144,7708.6767,6203.6159,2511.7255,2041.5312,2501.6678,2762.8627,2914.7055,1618.0663,3196.5133,3129.5285,4823.0687,2855.4628,1088.1855,763.2563,2966.4954,3568.3073,2626.0337,2091.235,5805.5467,4016.4604,1883.1727,3390.714,1929.8742,1209.8988,1444.9398,2827.8793,4154.933,1978.0489,4160.5659,3001.5288,1272.5585,2884.0569,2507.6069,2672.9249,5379.8908,4394.2302,2329.8848,2131.3928,2548.4852,3496.629,4235.6037,2877.6961,3066.7656,2905.8045,3141.161,3792.1424,2459.1761,1838.5048,4075.5566,929.2213
ACTB,952.7616,5329.4886,4885.6081,1051.0253,3862.1389,2272.0653,2121.7965,2846.4463,1218.5445,3001.5036,2753.2666,4278.3608,2302.3853,2899.1636,2941.135,2153.391,3089.3456,3874.1796,3757.2504,2276.3371,3597.9264,2168.542,3201.2366,1832.282,4152.4404,4424.9991,3039.2806,3380.0725,2753.47,3114.6418,1792.1533,4205.1072,4144.4668,4602.8461,4954.0473,4527.2925,3236.2152,793.0004,2668.2624,1197.8023,2890.9616,3176.4634,5274.7306,1667.1901,1671.8393,1103.5259,2747.8314,2641.9276,6304.0601,2323.2387,3417.7225,3781.4216,1700.3841,1340.2913,3627.9962
RPS18,3673.626,2790.6677,1631.3728,1635.6732,3629.5976,6100.0053,4743.9735,3477.324,2549.9824,2429.396,2077.3491,2554.8048,1491.517,4007.8312,2939.034,4809.1884,4520.5851,1065.7573,678.3447,3173.8282,3285.6971,2977.2508,2050.1634,5109.1886,4014.6254,1274.6945,3664.2298,2831.594,1868.2811,1527.4311,2455.6494,3913.0267,1943.3552,3739.7624,2898.2348,1865.7866,2679.6151,2845.9389,2963.3886,5391.1402,3563.0433,2695.8487,2547.1123,3339.7506,5046.3516,5984.373,3945.3693,3769.972,2706.8174,3083.7802,3375.1504,2741.6484,1595.6951,4510.1749,1319.1617
RPS27,5656.9419,2456.69,2058.2549,1467.3804,2771.4916,3734.6452,2350.4806,2843.2201,3161.8688,3062.3561,2787.9789,3346.0906,2099.228,4387.9227,3449.3703,5319.8043,3852.6738,2258.9697,1271.8987,2507.186,2759.0312,3525.0467,3173.1958,4168.0054,4187.7088,2268.2096,6684.7802,3780.2112,3539.7734,2700.8576,3485.4165,2971.201,1192.8774,4896.6148,3300.8643,3404.9097,3182.2663,3255.5809,3356.86,3684.5234,2502.5562,4273.3531,5535.5692,4628.6926,3995.4515,5661.781,3964.9705,3685.4067,3312.8078,3484.4271,2443.7123,2339.6545,1804.6379,5299.2644,1823.3057
DEFA4,202.423,1.9292,0.3769,11.4255,16.8622,8.098,4.4438,29.5836,5.5446,3.1247,14.806,58.2658,12.9996,410.5618,8.8429,167.9503,2.6368,2235.1916,4345.6145,35.8127,9.2473,52.1879,15.4466,2.8844,9.2223,85.5796,91.0941,518.3091,3150.1083,428.928,0.7514,8.6076,0.1044,883.0641,5.0992,505.3025,7.8854,418.9291,10.0048,116.3823,0.3149,118.0809,0,1435.7663,0.0293,0.7686,3930.7083,29.7442,1.3183,19.6539,890.9858,107.8011,1728.1231,43.5043,5482.4097
S100A12,37.0943,816.1153,702.4268,0.297,7.4557,107.8116,31.7718,231.7262,59.9148,357.8863,385.7302,501.25,2830.004,104.4853,53.6305,378.6695,526.0703,1914.4083,4501.5532,57.6066,226.9954,997.8672,306.6617,35.9125,15.6863,616.4369,1229.2868,1012.7067,646.8484,2914.5663,12.913,42.4475,27.6765,2666.6523,28.9622,57.1209,54.2053,15.6666,153.9183,35.7129,0.753,926.7975,235.8782,186.3339,20.2557,7.8579,82.7796,2.6633,131.4737,164.0678,136.3732,58.0105,41.0855,10.7422,6006.1519
MT-ND5,800.6401,1844.4436,3503.3308,271.0954,1024.2194,920.7928,1705.1519,1323.1106,7251.2026,888.5529,917.3995,940.6161,1180.6125,1565.1004,2133.3908,1089.3541,751.4764,765.3906,780.5475,2144.2579,1674.3605,1254.0107,935.6041,601.536,517.655,1328.9448,948.3592,528.6049,850.2356,387.9176,624.2339,1745.5094,1159.393,644.864,424.4944,851.3069,605.0183,680.3631,904.4082,662.5747,504.7954,1457.4391,644.8446,598.2877,597.6353,444.097,820.3835,843.8038,869.1772,523.0537,619.1471,519.5902,733.5331,1790.181,370.6353
MT-ND4L,800.4056,1700.7596,2689.75,567.723,515.9909,505.2718,1827.4701,1179.7176,7217.4461,696.2842,792.3367,984.314,1178.5071,1575.2381,2009.8425,1204.0461,1010.0214,931.5116,667.8225,1701.1584,1558.3544,1362.7443,927.6821,701.1583,566.3704,985.2066,878.8046,628.0003,502.5771,389.94,876.9157,2315.6219,1667.7694,768.6814,477.0669,856.5222,459.5795,826.0328,958.4491,1139.136,638.9032,2056.2212,682.8747,689.3822,624.8053,380.8242,809.2219,1089.353,638.0336,445.5358,1088.5813,527.789,637.8014,1356.3265,426.7026
CLC,50.5792,10.4906,0,0,6.3482,8.2876,0.6105,1.5977,2.3695,4.671,14.1317,5.9298,18.2114,117.1141,5.0889,32.5305,0.924,1182.4727,735.8976,386.8044,4.5214,12.2307,11.2991,5.9206,0.9378,23.8825,20.5459,7150.4728,51.0691,127.9443,0.1043,1.7803,2.3674,53.9692,1.1699,186.7564,4.828,186.343,17.5314,8.2277,0,19.4178,0.0326,863.5276,1.851,0.4481,640.1611,33.4212,1.2809,3.4629,22.8043,22.8962,168.2351,7.2968,801.5692
SAT1,884.4387,634.9,683.9433,4158.2354,1321.6442,351.947,754.2841,1186.2168,2574.7123,2408.3643,1722.1763,876.0398,1266.3499,717.7409,1629.5851,539.4196,555.9004,2992.0517,731.3126,408.2977,442.2535,5098.5929,574.4019,842.4595,702.4076,598.1641,988.6597,2263.6717,1027.5691,2896.7793,429.2089,447.0735,227.8547,541.0406,567.1393,2452.498,1404.7931,1098.9823,2297.3892,2106.6007,575.7682,2021.5757,871.039,595.4544,891.7614,928.5957,960.8282,564.7043,451.2911,818.7881,1221.1604,864.8756,1971.5373,249.0644,1098.67
MT-ND3,1547.5437,1825.2831,2875.7898,607.1882,730.847,1043.0273,2663.1016,1275.4187,6776.344,1144.5627,1424.2415,840.0316,1485.6857,1497.9058,1722.3572,1039.6889,985.9603,697.8048,668.2248,1273.8016,1633.8522,1339.8039,856.0171,671.6852,658.1384,741.7602,1302.4561,467.8714,311.3522,563.1234,1610.1286,2310.0569,1399.866,1104.765,655.335,968.306,751.3632,619.9599,1081.9927,990.221,710.4549,1665.9368,621.6796,581.3572,1016.1988,601.6671,981.5965,1368.1064,755.7551,657.7739,841.064,508.13,545.8414,2805.4709,487.2352
RPS2,2453.6232,2566.5423,687.4643,1120.8776,1297.6268,3615.5459,6318.632,1299.5091,1004.6094,1841.8454,1993.5966,1228.6058,1211.3181,1495.2872,1676.8156,1062.3613,1850.637,310.4706,519.9961,1629.8784,3031.0859,2489.1886,1178.4883,2406.2191,2463.5484,996.5888,1841.5357,861.2642,578.9139,875.0886,2066.9566,1446.037,1629.3363,2252.7656,2186.9716,643.4968,1639.39,1241.3292,1483.498,1488.1399,1428.7398,1535.9594,1080.9003,812.1173,2522.4846,2280.3122,1048.2025,1156.7501,1210.7118,2167.1336,1509.4587,840.4454,384.6322,2174.9716,475.9687
RPS25,2374.1806,1117.3878,955.6829,1556.381,3132.8951,4895.1967,1136.4882,1562.5663,894.6137,1185.556,1174.5262,1429.3265,895.5045,1619.2004,1671.1879,2770.0277,1701.5304,618.9305,477.2881,1469.2737,1329.4574,980.5628,937.5792,4816.1431,3226.3628,1183.0502,2356.1721,997.7853,1017.5986,919.8254,1450.9341,1911.8668,850.0405,1696.648,1377.4007,632.5573,1366.3368,1416.8037,1647.1905,3459.596,2698.5667,1145.5179,1371.9403,1303.5311,1709.8361,2183.3863,1673.0293,1790.6589,1327.6301,1585.3148,1299.9989,1152.2376,1215.7524,2169.0952,601.774
RPL11,1992.483,982.2003,1340.1673,2501.4441,2838.4917,4286.3622,1414.6933,1882.7977,1365.8503,1671.2557,1591.1222,1928.3638,995.9247,2181.5278,1903.2674,3264.5047,1978.3814,699.6409,592.0895,1696.6726,1846.0245,1920.6354,1195.8287,4731.842,3127.8088,1109.2881,2681.9393,1442.8178,1306.0525,1177.3699,1884.2625,2291.135,997.6984,1865.6636,1866.3658,861.0584,1631.8308,1822.8767,2313.62,4497.6571,2775.3185,1109.4858,1477.9553,1436.3302,2390.0884,3334.9298,1944.5714,2186.1616,1819.9997,2089.8149,2314.7172,2147.281,1179.9018,2572.49,820.019
AHSP,2303.0535,37.7519,1517.6018,42.8119,2.887,453.8285,12.0117,196.5876,779.028,811.2439,3496.4316,103.41,2200.5449,200.5682,197.0144,937.4397,40.6701,213.7246,1989.5548,22.9532,200.2483,70.8101,1986.0029,74.8524,14.9517,23.0741,179.6251,149.9495,565.7984,310.4276,3.2999,46.2649,108.8285,378.5293,66.4014,10.4971,59.8093,1761.8349,975.9403,321.9165,7.457,60.4304,104.6725,3260.7446,9.5885,8.8602,494.8124,513.4442,17.7196,155.9324,192.6076,180.2657,2783.4946,1202.6405,85.7132
RPS11,4123.7244,3752.9218,2081.5388,1002.0259,2227.8296,3512.2758,5068.1472,3279.3017,1948.8433,3052.0838,2684.0968,2268.5672,1611.8526,2992.0818,2825.5632,3061.2344,4046.4892,1377.1903,1194.1739,2621.993,3656.1679,2755.6696,2204.0657,3767.9622,2950.7427,1638.1476,3133.8989,2359.4189,1585.5638,1505.0075,2641.3028,2739.1095,2186.7096,3878.5639,2790.4103,1566.6328,2798.8487,2357.6338,2351.4898,3693.3083,3053.0224,3967.4639,3029.181,2727.3545,3552.349,3424.7277,3124.2129,2763.0972,2369.8305,2834.6532,2861.5708,2079.3679,1642.858,3224.9118,1598.96
H3F3B,2130.8691,766.1279,1270.2655,4490.6713,2583.6195,616.0147,556.1536,3812.3424,798.1994,569.8087,466.8,724.4738,768.0948,1642.7666,1227.3158,2142.5223,903.8879,1451.3137,701.103,815.5134,1245.9279,1820.5231,1709.9332,972.8255,918.3091,1129.7941,885.5881,1724.0984,1319.7934,1044.0784,1044.2328,2181.6736,1411.1932,945.6588,810.2723,1023.7493,2459.8627,388.5467,1579.7383,930.8382,1670.8157,814.1781,678.1539,832.2344,1401.4548,2340.7103,1522.4667,2002.7107,932.4872,451.9522,1596.1615,1015.3454,845.7072,857.4282,750.0748
RPL34,3227.4485,1043.2793,967.0132,1033.4294,2305.1878,3317.1403,1255.9868,1816.9034,1425.302,1384.0353,1303.017,1496.9372,826.1567,1651.9833,1409.7035,2505.4102,1828.0567,727.1356,424.9435,1222.9235,1157.9319,1385.4802,1244.77,3794.0336,3240.191,695.0572,2292.2652,1300.6349,1148.0816,1047.0622,1565.4372,1516.2202,674.8355,1709.4075,1388.1111,894.1701,1451.7532,1626.5149,1820.2432,3849.3003,2808.4077,1167.4739,1617.3592,1536.0443,2149.8559,2946.323,1969.118,1806.4653,1449.1091,2045.5782,1413.3067,1347.586,1098.8612,2041.0117,765.9677
LYZ,79.3414,707.9198,1033.8666,26.3562,142.5651,80.4965,181.8183,1613.9249,317.3644,1280.3072,677.7357,1176.2417,296.3505,1620.4614,1120.6689,20.6183,46.8019,2563.4899,1230.4618,57.6475,2261.5818,1563.9437,494.4243,111.0278,676.9225,193.4879,507.6821,302.381,369.2875,1865.1872,69.1999,17.9707,10.3602,47.847,10.144,228.7173,3701.7855,39.9689,289.5635,131.1225,110.1979,971.893,908.1849,222.3724,260.7265,124.7082,1069.8995,170.1578,102.7009,249.0374,274.6706,980.0218,312.2217,142.3007,2147.6531
CD74,630.5572,2847.1161,1532.7207,1581.6158,2696.5688,853.4574,589.1321,1100.6055,589.4186,1525.6965,1484.3756,693.8295,510.9681,1644.9372,2829.1326,101.545,178.5683,1184.2756,267.1708,2218.8527,2285.4144,1056.9578,842.6072,1095.2341,2843.8024,1058.4392,1334.1759,868.0015,858.0004,974.4444,1360.1988,283.9201,1283.715,329.1221,640.9893,2112.6112,2403.431,111.2479,830.5439,690.7332,1116.803,1252.0717,2073.0222,281.6764,1816.9498,1649.4149,1015.1638,680.2853,1057.2141,723.9325,285.501,547.4029,332.3011,587.6291,532.3495
IGLL1,903.9023,51.8134,4.6655,1.6105,1080.4028,4206.5336,2291.2277,886.5254,40.6816,10.0073,149.2948,278.1308,229.6263,850.3989,1013.5404,194.2119,80.1147,129.2332,60.9262,561.215,407.1739,2.4614,193.1623,1329.7595,294.1535,44.4216,496.1144,368.2317,43.2779,17.3572,181.0289,3.7255,20.1212,966.5572,409.3975,5.6112,166.5463,34.1647,209.1736,439.0573,524.1642,11.0897,12.2857,773.7291,374.0809,101.8501,570.0666,1727.8255,44.7204,130.8873,1132.25,668.0281,462.2111,2221.1297,69.0332
SPINK2,1665.4449,1991.6023,236.5945,71.9236,1422.0685,1305.1658,404.399,192.4096,1175.8682,47.3182,46.724,345.066,62.5758,1325.2577,743.434,1855.105,1098.4691,599.688,71.6524,1738.1369,712.0079,523.0678,2111.9477,2733.3146,1456.6537,67.0553,93.1829,4.3192,14.7156,322.4527,608.1737,156.1441,634.2499,401.1854,223.9635,16.0156,82.2514,134.3731,308.4113,1764.0846,2803.3737,39.8575,39.6019,1119.3527,1191.515,746.5778,370.8543,234.6568,13.4884,15.4088,385.0432,723.5888,392.6939,1534.338,96.0814
PRG3,3.4294,0.0481,0,0,0.5197,4.3172,0.0109,0,0.6014,0.1365,3.5086,5.0447,5.1522,40.7841,3.4979,28.2946,0.0921,1168.8943,77.7926,340.2319,3.9984,3.373,0.7958,2.1248,0.5837,9.9572,0,5325.8609,1.6868,56.0588,0,0.9757,0,62.394,0.1509,16.0459,0.3835,54.7933,1.6797,10.3466,0,4.1025,0.0238,290.4441,0.104,0.0546,119.6178,0.4004,0.0506,1.6001,8.9269,0.1125,108.4681,0.0707,37.1446
RNASE2,99.2543,420.8574,85.4461,2.4865,121.1849,142.3858,208.3011,212.4801,59.9752,534.4085,281.0173,52.4576,30.3801,753.6714,492.5351,56.103,13.8651,1577.569,725.036,530.3944,371.9936,81.2172,84.5844,27.1076,40.6918,964.0641,106.928,4258.6754,196.3735,231.1257,30.6342,101.2403,126.3771,208.643,28.5625,673.3107,276.5083,152.2936,217.8663,77.9976,17.4611,198.0728,23.1907,1576.9517,29.5315,11.8558,721.5612,412.7674,9.5795,20.259,2326.794,383.4907,643.771,606.444,1775.8022
S100A11,50.001,2565.7468,1717.1328,119.9241,328.2354,48.7325,131.5159,259.2396,96.7524,769.7899,615.328,451.7801,797.0415,224.3474,308.3229,61.7425,218.4039,2255.7432,1133.1552,146.0927,217.2145,2607.5847,212.4575,77.4681,737.8954,1102.9847,832.031,309.6652,635.6531,848.0685,34.2662,257.7679,404.8723,400.393,152.3948,835.4782,328.1761,124.804,475.2048,69.715,41.7535,1735.8979,1533.8161,157.2634,181.122,78.4752,175.6801,24.6606,270.0389,314.9556,153.497,204.4671,146.9376,60.042,2238.8462
MPO,339.3055,100.7285,21.0691,0.8475,480.869,807.9099,2179.1126,3349.6442,375.2238,15.4866,485.2086,152.456,78.7878,247.2934,456.9103,20.4456,41.2235,129.5479,349.1925,14.5994,31.5177,248.6674,286.8116,96.3843,173.7739,42.4717,197.2923,1036.2022,672.8916,395.1077,303.6529,8.4227,8.6242,108.487,35.7907,92.312,205.2176,74.1129,293.0945,85.6938,64.7882,29.5873,2.5504,17.7222,19.0779,23.6915,1644.519,1626.4295,16.4407,179.7901,2170.893,856.5709,341.2578,645.3382,1008.5131
RPS21,2716.6347,1672.9639,705.1037,444.4523,1325.8014,2917.4381,3684.0946,1312.2683,1198.0632,1545.2854,1660.4818,1161.6124,851.1436,1592.4679,1400.0709,1781.6538,1587.8198,537.0778,344.9363,1872.2976,2581.1437,1310.4261,1141.4871,2261.1463,1699.3843,609.6788,1995.8238,1028.4809,574.7877,704.5303,1545.6073,1739.9923,958.2429,1938.3045,1454.0818,710.3325,1395.8729,993.391,1452.3608,1684.3461,1332.3287,1581.179,1176.2972,1154.1774,1845.6624,1806.4579,1257.3402,1565.5049,1194.6834,1606.717,1177.2499,861.188,506.5504,2278.2345,456.7452
EEF1A1,1201.1268,821.1644,1066.1295,1100.9166,1968.935,2050.1341,778.4482,1707.6459,1361.4753,1109.9293,957.0326,2068.4565,676.8654,2483.1328,1741.7953,2898.3117,2548.8941,741.277,644.5012,1428.5827,1233.8705,1599.1086,1571.4317,2086.6887,2322.9566,1018.5477,1357.6197,1744.8606,1351.6758,1310.7429,1310.2497,1853.8244,1008.6124,1510.6641,1428.9843,1219.734,1903.1236,1517.657,1785.5952,1980.11,1628.1535,978.7693,1559.1875,2131.5001,2240.691,3880.0633,3063.9641,2299.2597,1935.6096,1433.982,2282.0613,2137.7802,1217.1204,1318.4413,1080.7633
IFITM2,69.6686,905.7104,288.0646,299.3923,262.8012,207.393,397.4031,279.2414,165.5068,315.5253,202.8025,163.1524,1093.7016,332.0189,478.6633,181.3763,561.7128,1273.22,751.8718,528.5678,318.0745,371.103,235.8882,424.0851,453.195,354.4694,352.9455,315.4285,464.4112,770.2625,496.95,707.3475,915.0905,568.5128,344.0796,172.4764,204.9074,71.7973,126.7404,318.1807,415.1,349.4491,528.7493,342.7881,699.8667,449.1071,213.9526,244.3348,505.3466,231.1608,457.0315,371.1868,89.6996,203.9147,4694.2024
B2M,2041.9312,1909.4287,2014.0227,1128.8415,1745.4397,1519.1736,485.7118,1696.1007,732.0177,2052.9716,1636.7692,1251.1436,1299.9584,1666.4813,2166.7325,1642.7524,1987.2691,3684.0623,1138.4335,1260.8092,1277.6447,2268.0861,1956.7732,1312.5656,2257.7304,2967.4138,3116.853,1909.7187,1597.1611,1917.6815,2060.0201,1670.6556,1647.2862,2662.1501,2172.4524,1326.4784,1631.3216,534.9345,1784.3619,1755.4929,1439.7476,2202.2867,3323.1828,1025.8403,1469.2178,1317.1165,1682.5434,1669.002,2098.9823,1242.4247,1376.4718,1694.7151,1294.0596,1791.2259,2473.0343
HSPB1,130.2631,241.9118,94.727,140.5186,257.2153,455.651,476.0325,184.4603,182.2065,142.5506,146.4697,245.6384,101.8952,115.8291,252.9594,179.3013,194.3159,61.4036,33.3437,224.5214,283.8324,285.0656,67.2937,295.4868,190.3678,376.2167,141.0298,267.2616,66.3751,96.5,246.8237,1131.7774,476.2809,182.873,154.9467,46.9348,205.2329,4376.9287,99.7516,235.445,247.0516,415.2638,131.2604,65.1782,376.455,98.6996,108.4578,193.5536,716.1656,342.5297,418.6938,141.1393,107.9756,284.7242,34.2899
CAMP,12.9461,2.4386,3.689,7.7654,1.0328,43.8353,0.8376,8.8289,1.233,10.451,16.8973,104.2206,111.7428,44.3299,2.394,108.5214,2.667,689.3288,4183.7614,22.4213,20.8155,68.7235,58.3938,13.1087,1.1545,215.2382,145.6373,69.0216,630.0247,406.7052,0.0178,6.2593,0.8936,573.5093,0.7332,1.5897,4.7116,2.6233,9.5842,14.4335,0,62.9647,2.4197,12.0257,0.4126,0.1273,188.2156,0.1401,10.3277,26.0869,7.304,2.7551,23.1396,0.5609,308.583
FCN1,63.8647,2204.0403,1830.6957,6.018,53.1324,110.9107,143.5757,315.5875,84.8437,1458.1513,1573.4315,572.7444,838.3255,236.0561,494.4953,36.7152,126.2804,1274.5874,1312.6236,13.6341,201.5149,1243.3569,134.5913,35.9291,313.6379,263.0444,1829.9498,60.8161,454.6777,490.5467,26.1638,50.6651,11.9567,248.9326,10.3807,383.3576,360.2413,99.3346,240.6624,22.6912,4.5753,422.1471,1473.9057,99.9796,183.4167,34.8577,119.5123,20.8583,392.9984,477.6412,29.0249,10.0706,69.7759,61.987,850.2434
CA1,610.8597,6.5912,167.2703,17.7153,4.7861,191.8877,2.8657,77.9123,304.0199,309.1436,1044.1069,29.1366,222.5048,211.9603,94.5211,571.8513,22.9138,173.1429,1247.8381,16.5465,105.0796,51.6475,1041.3447,38.4218,15.8797,20.1955,36.9751,81.336,385.1179,282.9494,0.6317,31.5004,59.6377,148.5024,15.9622,13.6669,21.3313,492.8854,323.0898,79.4136,1.5624,34.0992,67.4898,2030.996,4.6319,3.7713,389.7093,250.6646,2.3021,8.0764,101.6217,82.3465,2962.21,761.4678,35.8124
RPLP1,1871.9322,2111.9253,911.017,492.7386,1477.9616,1768.2508,2301.7634,1233.5672,1301.13,2083.9794,1306.1956,989.6704,616.6035,1503.6746,1557.07,2149.0193,2316.6481,808.7733,561.1339,1362.861,1524.8413,2146.1289,1436.4717,2049.2853,1842.6337,662.5241,1095.6093,978.7075,597.8844,745.7571,1427.987,1260.8325,971.7765,1356.251,1189.1888,1172.8114,2006.6328,932.6601,925.7467,2011.8597,1670.4806,1747.249,1104.8339,1829.4629,1439.8326,1525.5975,1461.8559,1394.1579,968.9689,1041.2538,838.9564,636.497,654.4065,1589.5879,686.077
RPS4X,925.382,1341.6799,430.5268,662.7809,1147.0525,2270.593,2090.9569,638.2059,617.0501,917.5063,809.4462,884.161,746.5638,1647.4337,1383.5137,2299.6704,2153.5886,398.1473,513.5097,1095.5965,1421.4726,1253.0821,736.6082,1801.6507,1358.8778,482.4138,974.9414,954.3511,545.2686,726.0803,1642.3681,936.9035,696.2905,946.5261,970.7876,713.7987,1576.7476,625.0501,761.1791,1179.6502,780.1468,1408.178,1058.5809,588.7221,1382.4963,1352.2186,512.9716,660.2743,977.077,724.5307,1193.1675,562.6297,246.4153,1245.1474,241.7491
HBM,1526.8197,10.1221,540.5385,12.255,1.1139,203.753,9.3823,102.0159,454.1189,397.0072,1782.9581,30.0802,733.9604,52.8711,62.1808,108.4643,15.8975,41.6075,496.767,11.5202,153.8243,33.6345,1639.5988,30.9646,8.3548,9.3834,69.2677,69.8852,271.7546,235.692,1.0268,4.8209,27.3599,401.3233,42.7672,14.7347,27.1637,813.6066,160.6232,77.3097,7.393,26.366,64.1074,520.2192,4.7971,3.3264,196.709,21.0416,2.6159,135.8095,86.2478,8.9899,2127.9702,1360.9028,22.0255
HBD,859.7435,20.7448,319.8625,13.4383,4.1265,151.6036,8.7246,82.3469,363.621,1382.2803,1861.1087,32.2984,593.8527,45.789,43.4206,410.3554,9.0157,97.8361,922.0082,11.5845,75.6113,32.6168,694.795,27.5665,7.4554,10.9971,51.7191,69.3022,131.8193,102.7908,3.8917,20.6686,40.4229,165.738,16.438,6.9226,16.275,1412.4322,963.5295,120.3011,4.5734,32.585,45.5191,1710.3691,14.6775,4.6888,253.9537,298.5563,28.6073,34.895,59.9192,40.6107,1432.4642,1327.4171,23.9431
TMSB4X,794.9613,1215.8853,1487.0197,366.0482,671.7627,429.3857,365.8725,962.7169,695.1504,1874.4615,1477.7941,1639.3952,785.9767,959.5684,922.602,740.9747,568.9653,2372.4852,1287.9008,448.1634,1016.1903,1409.6309,1385.7425,908.3641,1092.2627,1006.5927,1663.008,1435.9631,1012.0027,1088.054,693.0643,737.9361,395.2839,1185.5039,825.0483,1685.1127,1114.5397,390.3342,1022.4977,958.2298,696.1946,1792.9619,1763.5526,591.6486,526.9508,405.9567,1140.7517,585.2011,874.2259,1115.8731,846.7166,822.1486,641.3578,480.5712,2118.8436
RPL13A,1796.1473,1184.9226,646.6395,571.3008,1196.3029,1814.2714,2595.0625,1316.6469,1103.2545,1172.8048,1011.5607,1178.8788,701.8138,1423.7856,1073.3205,2058.8211,2137.0055,539.7351,362.9893,1067.3992,1394.8618,1321.298,1105.0008,1793.806,1650.2935,712.5434,1541.3417,1099.6259,857.2821,822.7521,1314.7087,945.4906,622.7199,1373.3472,1253.6124,652.6566,1173.0875,939.5201,1042.6822,1912.7693,1547.0085,1185.1668,1320.6728,1398.4644,1873.0694,2209.9219,1312.3305,1217.9527,1282.4175,1091.3865,1348.8442,1126.8873,526.5313,1448.7324,606.2024
RPL8,1104.3175,1266.8557,745.8697,623.2673,1818.3286,2852.2025,2190.9121,1065.1931,625.3021,1084.8105,1040.3049,936.5365,722.7244,1173.2319,1710.9049,946.8029,1463.0167,424.526,350.1314,1379.4987,1743.9012,784.422,500.0312,1462.9653,1249.0641,640.1717,990.7202,828.4763,834.0076,354.5129,854.8283,1147.9321,965.2839,1893.7157,1408.0122,504.3017,987.4751,1032.4407,747.4579,1485.2574,1127.8237,991.9082,942.094,967.3605,1168.7412,923.504,884.9986,1082.1029,913.7576,1123.3272,1012.798,613.5004,750.7602,1280.6684,406.1473
FTH1,244.1167,109.0105,292.1575,452.4283,98.9672,85.5539,220.4452,297.8868,542.9283,552.6368,806.1881,186.9638,137.0624,125.7131,224.4115,23.7418,157.3099,205.4577,129.7339,75.1829,419.8944,1374.97,507.6191,67.3953,445.8113,59.7196,198.2669,310.8962,236.9386,615.516,100.2445,18.5802,95.4434,384.5299,532.861,2021.8854,922.9381,246.8554,2378.9696,93.3015,254.0245,546.0292,198.5508,186.2118,347.7448,719.0016,152.7565,44.7054,35.0758,509.8936,301.805,897.7797,193.477,75.0257,60.7725
S100A4,207.6452,2206.511,792.2623,48.0122,577.9252,371.835,614.8424,173.1133,93.5146,1495.0586,1054.6842,358.7091,447.5511,279.5902,217.1096,168.4064,153.8952,545.5649,100.256,551.918,904.7268,830.8686,236.6482,130.8277,324.4531,637.0137,869.8232,117.0144,231.4839,182.4826,160.1627,1089.3784,463.552,530.7329,251.484,89.5367,532.7506,76.0656,203.7491,61.8773,79.4442,1880.1923,748.0864,97.7268,300.5121,178.1847,46.6731,100.5881,497.8519,475.7523,198.8601,146.2312,62.2464,300.0647,125.5872
ELANE,196.147,46.2966,1.7463,0.2434,9.6632,26.7368,1351.0704,1243.4347,61.0303,3.5518,320.5405,97.0831,63.5192,389.6639,51.5809,21.7649,8.1602,511.5695,1287.0435,30.7775,82.069,90.6216,66.059,4.8276,19.015,169.1084,113.6525,478.4457,984.2338,594.2039,57.8557,4.4202,11.8607,439.5539,127.9314,1215.0293,394.6109,134.7138,177.604,216.5387,66.1159,27.7221,1.7217,89.2769,23.6333,10.0711,492.8882,54.686,4.5127,165.0687,1601.4534,94.1588,417.8482,970.5903,1544.2359
S100A6,203.2752,1222.3223,1033.5586,87.1207,318.4604,134.0179,513.468,393.2999,169.0489,1839.7298,982.1473,551.7466,710.3377,294.5681,299.4655,142.5643,235.5024,1081.1768,457.5447,238.4941,479.2532,1230.5057,363.6963,128.0916,362.4847,642.8859,897.5038,139.7673,434.4166,366.5145,149.0155,298.3961,224.6169,462.6662,211.8267,485.1457,606.8332,148.6677,531.6601,167.3213,156.2629,2401.9851,1038.9776,304.8511,220.8317,140.3532,181.0162,354.8599,382.0248,587.7325,438.5611,332.3824,276.3402,324.3719,849.7387
EPX,0.8054,0.1928,0.0156,0.0071,0.5436,2.4221,0.0419,0.1561,0.1872,0.0493,0.7677,1.1926,1.5207,39.3141,1.1791,6.8885,0.0985,330.4048,35.7979,65.4121,0.2364,3.745,0.2634,1.2897,0.4235,5.596,0.0399,3231.7468,4.3594,23.221,1.5751,0.4001,0.3251,17.6955,0.6697,17.6672,0.2051,86.0572,1.156,0.8226,0.205,2.0985,0.2372,102.3448,0.1336,0.1051,102.2694,7.7663,0.1948,1.0389,2.1921,0.1173,54.8308,0.9032,12.1953
PRTN3,69.686,52.7451,3.1813,0.1676,196.139,278.8659,446.3915,496.3915,29.5146,8.4987,449.545,60.3197,87.978,539.9256,696.2255,30.9535,15.7036,113.8726,450.1324,188.4515,742.9123,42.2103,27.1133,1.304,5.1712,115.2245,166.6595,343.8794,915.2541,71.8246,48.2237,11.7655,38.0468,429.7662,73.9951,677.4773,1345.9827,31.0623,317.3157,90.551,38.7294,17.1899,0.0906,294.847,64.7063,29.8626,927.6771,1006.7289,14.1939,90.816,313.1454,34.7184,1011.3947,2378.2445,556.056
MT2A,20.2722,34.4183,45.6916,11.7238,81.1351,42.5549,11.427,50.8176,52.0013,42.642,18.7417,66.2786,94.388,98.8153,3175.3463,18.2805,677.5619,113.8761,17.8238,23.5139,83.3131,88.2495,23.8738,20.8416,48.7107,105.6919,42.5605,41.5241,140.6448,62.4678,124.8599,128.4093,217.2658,54.5586,43.2937,452.5628,301.6177,5.9725,90.4926,21.8249,19.3573,129.6709,89.4545,12.0876,41.9151,108.7379,31.9753,61.3327,90.6409,16.4051,56.4303,45.4285,32.1895,46.3609,32.9577
RPS8,1129.1888,1180.3682,552.8559,957.4784,1329.7341,2414.7959,1819.688,840.0988,934.1888,830.6952,764.0037,716.8811,580.4247,1082.0396,936.0669,1970.6789,1448.9047,324.2489,303.1144,1138.2549,1390.9207,1098.0445,651.9881,1839.6209,1500.9198,560.0523,1160.1557,789.6897,506.0713,500.3693,1048.19,1395.289,691.9463,1078.8828,953.7994,428.3105,975.8732,809.809,987.9722,1381.5935,1154.4192,1120.5176,869.5688,841.2646,1500.7066,1568.6822,796.2416,909.3717,1093.7904,1112.9157,1020.2458,894.4555,376.4912,1392.8647,353.2203
HSPA5,587.4874,159.7817,298.6115,230.6059,743.2818,986.7318,296.2441,626.4463,226.5932,869.4966,332.0744,1146.3478,145.5118,260.9621,640.9321,149.0272,232.1247,517.5628,153.5972,169.6481,329.4414,673.0325,962.0039,223.1252,462.2705,314.9023,163.9527,1805.068,284.3531,193.2252,286.3402,201.2034,261.5996,328.164,336.1056,603.577,502.1396,2164.2729,892.4249,587.2408,374.0188,338.8483,311.4567,1767.3534,233.9724,391.8982,613.3036,1060.4321,627.7726,845.6099,375.0883,196.7528,302.4446,232.0042,504.0431
FCER1G,39.3736,1287.52,688.8924,8.8032,125.7967,59.24,126.8423,224.8137,60.3952,1231.3003,600.9833,400.0681,416.6854,158.9722,315.0087,60.4501,277.7992,1036.2879,593.8887,65.333,313.7662,797.3526,158.9681,56.5148,373.4217,514.1809,785.8239,234.0687,323.21,529.4408,26.5484,228.4302,91.8937,243.6882,68.0846,1481.0496,528.8515,23.806,462.7472,48.7354,23.4642,1436.9023,1044.91,109.9276,137.4041,42.1965,91.5728,32.9322,310.3202,224.5831,96.2984,99.3133,86.7305,67.7627,1632.345
RPS28,1456.6114,1045.3741,666.456,643.1507,1104.2886,2065.0093,2119.4349,1416.3193,401.7835,593.7027,556.672,1204.6324,667.2964,866.1105,1067.5493,1563.8132,1492.1442,447.8695,400.3832,850.5466,893.105,1055.4077,866.4278,1560.8886,1472.239,571.261,1418.4359,659.9546,556.5768,333.5464,696.3317,1025.647,627.425,1065.2414,1095.8071,541.7881,1286.0224,818.1258,919.8816,716.1798,712.2266,510.6354,681.6499,817.1898,659.5624,746.8512,1201.0958,1494.982,916.1503,1272.1415,525.8109,437.9121,519.3619,1259.568,458.7446
RPL13,1215.6803,1086.097,428.8211,541.5573,755.1514,964.9923,2380.1581,844.8406,610.5265,929.3179,816.0644,682.5243,531.5303,1011.4885,1057.6005,658.3596,1448.8096,239.6498,182.9069,731.8211,1190.2035,978.227,593.6026,1480.029,1471.2304,458.4358,1172.117,574.3538,475.9103,562.7428,1142.2254,731.088,639.6829,1660.8038,1362.632,450.2844,686.1177,846.825,725.8094,938.4491,826.7571,1080.3315,938.5348,655.5018,1228.2349,1070.7849,767.0935,821.44,1095.6346,1322.9575,788.3371,464.4745,276.1147,1098.7256,205.767
JUNB,382.7687,797.4105,503.133,1057.797,848.0812,1276.331,1500.7609,503.5708,422.1235,2146.9736,1138.2935,503.9471,1052.7481,181.5458,442.9559,718.5419,327.0331,666.4427,266.8746,24.5271,470.5307,292.1786,319.8224,76.1877,1119.2298,496.643,1357.8514,589.5211,679.5134,486.3194,694.4133,292.0453,244.1202,820.9603,684.5448,476.8259,740.2029,292.9015,522.9519,182.8895,1092.0252,839.6381,1220.361,576.0989,389.9042,434.7993,319.1322,332.9862,374.9151,496.1768,322.9992,439.8917,246.4489,395.4788,232.7397
SLC25A6,936.9154,1928.3939,836.9509,800.8996,758.897,1275.0622,1776.8916,810.1584,804.2614,1255.9593,1264.6292,763.8632,505.9586,1250.4974,1153.707,1322.6376,1769.7979,382.5466,307.7998,942.6833,1649.0019,1321.0516,843.627,1329.3786,1310.0596,668.4102,975.4822,637.9551,531.7125,608.3255,1036.8872,1237.8479,929.9772,1503.2736,1575.7625,452.321,1480.3722,473.2786,765.9183,707.5193,922.77,1213.1852,1148.8857,578.0792,1174.2048,1321.0558,895.1418,919.0566,952.5044,1058.7769,837.5092,699.5265,306.3419,1054.9551,368.0863
VIM,82.3543,466.6986,369.3334,2452.6889,1335.0135,345.8914,504.6971,282.6566,230.2001,664.2718,475.9313,306.2789,203.9291,631.77,403.7405,167.51,301.5162,427.3004,262.4121,348.229,450.0056,1346.0816,91.1067,128.8337,443.9835,402.3884,273.6933,133.0422,200.8487,238.9362,161.9436,549.0066,617.1907,308.1575,248.4328,413.8762,434.1763,96.582,325.3251,127.2655,168.1284,957.9714,395.8292,92.3911,211.5796,189.5765,154.6734,151.6925,147.3523,470.5937,95.3949,128.2504,108.9541,267.9002,179.4524
RPS19,983.3648,883.7859,374.6017,431.2508,719.825,1036.2145,2126.5084,930.6317,848.0919,627.6398,593.8836,733.8457,440.8519,1091.5456,1043.4249,1838.9901,1961.5989,360.4849,233.3812,843.1659,1044.9572,907.9708,707.2297,1277.8803,1031.365,427.5371,960.8451,807.2936,472.8319,503.4742,909.6553,857.9098,663.7585,1261.5121,1069.0938,725.1856,901.0297,686.2488,680.1248,1184.6722,953.5421,920.3792,958.0295,953.0548,1403.7023,1624.4411,943.3563,1062.7633,734.5886,844.7126,1181.9457,989.0412,346.542,1004.7251,471.6422
DNAJB1,38.6905,34.0591,59.819,19.6936,15.8702,32.7806,29.7283,36.4746,64.9053,32.8759,29.1337,41.781,49.0132,45.8001,35.5873,15.5101,55.0733,57.0289,44.3876,10.5913,40.6333,222.0637,54.3753,12.7526,53.2631,34.9609,67.4728,117.4636,71.8338,59.0748,39.2027,15.9736,31.1719,65.4164,72.234,50.0047,37.6196,2804.9531,52.6022,14.8459,20.3998,73.356,93.5985,72.3643,21.3085,31.8384,40.7322,45.5351,41.2785,57.2155,49.1596,60.3034,34.938,44.9709,26.3635
PTMA,1185.3838,1746.4974,1108.2107,1034.9391,1507.535,1607.7779,1029.6387,1004.0801,925.0309,962.1119,926.1006,1034.1269,786.455,1363.0394,1592.644,1417.9232,1192.1228,745.1174,503.3764,1472.1694,1833.0205,1033.9672,1244.7954,1825.1464,1248.1989,1586.755,1001.1521,1321.2725,945.4135,676.43,1458.011,1586.0952,1639.4138,793.0611,734.3896,491.2221,1300.4319,599.1124,941.2512,1486.5998,2027.8019,1042.8547,953.6838,790.5736,1446.6463,1818.9775,1141.0004,1256.8285,1548.0455,921.8996,1431.5109,1654.1374,687.8113,1043.0218,1055.6078
G0S2,17.5661,5.7632,782.352,0,50.5855,11.0435,1.3865,10.6217,13.0399,311.389,971.7895,254.0274,1455.4658,17.9934,5.9792,70.4033,48.1978,996.4795,378.8113,22.3027,227.1754,107.9154,116.4162,3.8018,0.4584,161.235,985.7855,486.9018,829.3954,160.6936,1.7285,4.0658,5.7036,234.7709,15.718,947.5125,1125.4227,37.2709,594.3352,8.4182,7.2109,126.751,355.7923,38.0406,0.3759,2.5053,128.2414,7.0305,76.2561,356.2328,3.2326,1.0722,35.8223,21.274,270.0883
HSP90AA1,113.0072,89.017,191.0225,118.3142,254.077,172.2037,147.0503,166.7136,281.6582,195.9417,145.4022,333.4434,245.6989,198.0341,243.2213,190.1387,132.0972,138.6121,128.267,386.3554,356.0851,288.6858,164.9957,254.8955,173.3664,362.5792,166.3781,321.5557,235.718,162.3853,411.4412,522.3205,251.8763,176.97,164.8895,152.5005,183.735,2794.3593,441.958,276.0506,153.3611,148.7196,156.7039,308.9446,253.4403,263.1036,195.1001,414.1793,310.1328,338.2351,420.109,340.6527,309.063,298.8399,299.1607
HLA-B,703.718,993.2891,659.5023,282.1356,385.562,445.0003,713.161,441.3416,364.109,1341.8496,883.7191,487.5299,1004.6743,342.7205,1043.5164,185.8256,634.7745,896.0123,489.7658,440.6052,969.1863,1268.7304,324.764,150.8468,531.9294,840.7273,629.2721,428.9985,551.07,693.1033,1689.7806,381.6175,1289.6082,744.7486,1127.1018,495.7596,435.4691,208.7261,756.5521,207.7414,156.9779,961.7931,1002.4683,207.5663,341.0965,374.2504,275.2488,449.0127,791.3693,1187.1925,319.1502,351.8638,136.8594,821.8099,584.839
RPL3,872.0749,575.9098,338.6781,790.2063,1052.3201,1321.944,1226.3332,1007.5619,509.6096,476.4657,502.3547,754.0012,338.6873,980.3779,824.282,1185.0522,1477.6411,297.4994,232.0161,718.798,643.0516,689.6289,599.4983,1261.0326,1453.0095,454.348,656.5657,674.8035,637.8629,589.1732,787.8885,479.3352,448.1054,828.6275,932.4474,407.9654,722.0735,711.3578,756.5322,1480.6395,1284.541,412.7473,707.5972,1132.9199,1390.8191,1810.8438,1130.2717,1031.5676,825.8912,693.1607,995.2151,833.8778,558.0446,759.4171,389.8902
PSME1,694.981,1220.527,525.4214,1073.8067,1326.4746,1722.8653,942.7392,568.6624,374.2639,773.6422,579.8337,472.302,452.7044,603.6834,805.0409,784.2041,610.2616,516.0459,210.0012,1108.5712,762.1797,503.6967,537.138,1835.794,1158.2179,1093.5034,686.4178,445.5447,343.1883,366.0837,798.4707,780.6053,667.2171,612.0364,615.3951,178.6552,562.0237,250.7422,440.3011,1416.0497,1344.8936,529.101,914.5476,449.9493,644.4169,442.9267,440.8958,641.0919,709.7851,488.6361,810.2504,710.9327,501.8876,622.3782,416.2942
RPLP0,1178.998,1380.0789,400.9581,499.6629,1070.37,1626.4585,1561.4033,687.4169,546.4139,787.7732,873.0681,557.1066,406.4674,1245.5315,940.8787,1471.6482,1757.7361,277.8587,316.012,1011.7098,1281.2207,843.2885,634.7847,1160.3239,997.7802,556.6903,887.2383,625.4345,433.482,465.5711,957.6979,905.6239,870.3101,1028.4634,934.7327,590.9492,902.4828,809.1038,900.7141,858.0631,714.6401,715.8422,605.9277,763.421,1342.4813,1296.9899,1143.4597,1160.2556,1085.4395,1091.765,889.9556,539.4912,367.2325,1107.9175,404.2829
RPS14,1648.7753,1114.6927,681.342,373.9356,978.1908,1583.975,1510.6529,1047.2417,687.8124,857.4696,882.2031,843.386,568.0726,1239.8871,1073.2473,1214.5053,1290.2702,502.0262,372.3672,1036.0788,982.7409,838.471,858.5994,1502.5687,1324.7056,503.1342,1272.2859,299.3288,261.387,654.0664,960.7815,885.8046,469.9373,1082.9878,888.3251,576.9689,1003.382,678.3549,776.9101,1350.8405,1081.7289,885.9386,1089.6356,981.7155,1282.5241,1605.6663,1131.1638,1040.086,850.2948,895.6017,799.8135,690.9572,571.5734,1308.1339,710.8881
GAPDH,422.1009,781.4529,543.2105,510.3559,881.7488,668.5128,799.9299,696.4559,522.6959,752.4121,622.2021,736.1887,283.1824,1203.7449,1095.6589,694.3133,1174.2144,908.1823,717.2578,630.2494,751.1161,1118.1656,595.6201,812.6527,779.4576,436.7422,292.3638,519.0914,382.5018,943.2754,571.1011,2076.4959,1738.264,1049.3079,1009.381,769.672,645.7501,252.3601,516.4539,885.0411,744.862,730.6991,347.2294,449.3441,560.1033,794.1943,1052.6299,627.6861,394.8421,476.3743,867.1151,931.3146,480.0368,413.5057,1065.1265
RETN,17.3675,11.3757,26.6525,0.0373,8.6236,41.2213,0.5334,4.6713,72.4425,1.5292,209.1866,156.3528,151.714,154.1213,144.4293,19.089,11.3894,243.6557,1031.2662,4.7044,37.2148,136.9466,123.4027,19.8222,22.1835,126.1892,400.4417,59.5096,239.4172,76.1446,15.4631,3.5969,5.2226,581.8507,23.3365,620.602,299.8728,69.5929,37.7055,66.7002,35.6915,36.3484,154.1955,5.1129,149.413,62.9928,105.3767,18.3431,13.3439,98.2072,61.8134,32.3746,7.1953,3.491,2173.0939
CXCL2,42.2548,4.4688,28.7447,151.5391,104.6306,23.1566,154.2545,211.8112,140.6532,4.0932,55.9129,39.5872,15.866,20.7632,70.823,239.6937,60.1508,9.5649,13.9927,2.8464,7.5221,26.9724,15.7186,0.7119,1.9555,2.2322,37.2658,30.1682,156.2262,76.3375,19.3314,3.7604,15.5767,70.6873,24.9804,2444.0288,318.9626,11.588,348.2414,33.3862,15.8198,2.9485,1.9616,35.4384,50.7769,40.2546,21.4586,19.1002,8.3097,16.1255,6.7682,19.4995,3.4222,24.8675,33.4253
HLA-DRB1,158.0121,628.1896,399.6926,326.639,311.6541,175.7165,181.1678,216.4233,177.5315,1060.6881,1108.3543,161.5426,119.7324,495.5388,924.9818,30.0531,32.1283,434.0839,87.0895,464.0515,447.345,304.0432,215.4089,341.2549,1531.0235,221.3357,451.6347,329.8724,305.6473,184.5535,298.5311,47.3234,290.4319,37.8333,43.9108,575.4145,906.572,13.4686,227.2542,172.0872,189.8746,448.1818,801.446,36.9457,820.5449,839.5464,177.276,137.2527,185.9726,224.6507,46.8007,78.257,78.9319,180.9054,190.0227
